{
  "credit": "By pluwshy and fraille",
  "textures": {
    "0": "block/black",
    "particle": "block/black"
  },
  "elements": [
    {
      "name": "pieceHead",
      "from": [5.5, 7.5, 5.5],
      "to": [10.5, 12.5, 10.5],
      "faces": {
        "north": { "uv": [0, 0, 5, 5], "texture": "#0" },
        "east": { "uv": [0, 0, 5, 5], "texture": "#0" },
        "south": { "uv": [0, 0, 5, 5], "texture": "#0" },
        "west": { "uv": [0, 0, 5, 5], "texture": "#0" },
        "up": { "uv": [0, 0, 5, 5], "texture": "#0" },
        "down": { "uv": [0, 0, 5, 5], "texture": "#0" }
      }
    },
    {
      "name": "pieceStem4",
      "from": [6, 8, 5],
      "to": [10, 12, 6],
      "faces": {
        "north": { "uv": [0, 0, 4, 4], "texture": "#0" },
        "east": { "uv": [0, 0, 1, 4], "texture": "#0" },
        "south": { "uv": [0, 0, 4, 4], "texture": "#0" },
        "west": { "uv": [0, 0, 1, 4], "texture": "#0" },
        "up": { "uv": [0, 0, 4, 1], "texture": "#0" },
        "down": { "uv": [0, 0, 4, 1], "texture": "#0" }
      }
    },
    {
      "name": "pieceStem5",
      "from": [6, 8, 10],
      "to": [10, 12, 11],
      "faces": {
        "north": { "uv": [0, 0, 4, 4], "texture": "#0" },
        "east": { "uv": [0, 0, 1, 4], "texture": "#0" },
        "south": { "uv": [0, 0, 4, 4], "texture": "#0" },
        "west": { "uv": [0, 0, 1, 4], "texture": "#0" },
        "up": { "uv": [0, 0, 4, 1], "texture": "#0" },
        "down": { "uv": [0, 0, 4, 1], "texture": "#0" }
      }
    },
    {
      "name": "pieceStem6",
      "from": [10, 8, 6],
      "to": [11, 12, 10],
      "faces": {
        "north": { "uv": [0, 0, 1, 4], "texture": "#0" },
        "east": { "uv": [0, 0, 4, 4], "texture": "#0" },
        "south": { "uv": [0, 0, 1, 4], "texture": "#0" },
        "west": { "uv": [0, 0, 4, 4], "texture": "#0" },
        "up": { "uv": [0, 0, 1, 4], "texture": "#0" },
        "down": { "uv": [0, 0, 1, 4], "texture": "#0" }
      }
    },
    {
      "name": "pieceStem7",
      "from": [5, 8, 6],
      "to": [6, 12, 10],
      "faces": {
        "north": { "uv": [0, 0, 1, 4], "texture": "#0" },
        "east": { "uv": [0, 0, 4, 4], "texture": "#0" },
        "south": { "uv": [0, 0, 1, 4], "texture": "#0" },
        "west": { "uv": [0, 0, 4, 4], "texture": "#0" },
        "up": { "uv": [0, 0, 1, 4], "texture": "#0" },
        "down": { "uv": [0, 0, 1, 4], "texture": "#0" }
      }
    },
    {
      "name": "pieceStem3",
      "from": [6, 7, 6],
      "to": [10, 13, 10],
      "faces": {
        "north": { "uv": [0, 0, 4, 6], "texture": "#0" },
        "east": { "uv": [0, 0, 4, 6], "texture": "#0" },
        "south": { "uv": [0, 0, 4, 6], "texture": "#0" },
        "west": { "uv": [0, 0, 4, 6], "texture": "#0" },
        "up": { "uv": [0, 0, 4, 4], "texture": "#0" },
        "down": { "uv": [0, 0, 4, 4], "texture": "#0" }
      }
    },
    {
      "name": "pieceStem2",
      "from": [6.75, 4.5, 6.75],
      "to": [9.25, 7, 9.25],
      "faces": {
        "north": { "uv": [0, 0, 2.5, 2.5], "texture": "#0" },
        "east": { "uv": [0, 0, 2.5, 2.5], "texture": "#0" },
        "south": { "uv": [0, 0, 2.5, 2.5], "texture": "#0" },
        "west": { "uv": [0, 0, 2.5, 2.5], "texture": "#0" },
        "up": { "uv": [0, 0, 2.5, 2.5], "texture": "#0" },
        "down": { "uv": [0, 0, 2.5, 2.5], "texture": "#0" }
      }
    },
    {
      "name": "pieceStem",
      "from": [6, 3, 6],
      "to": [10, 4.5, 10],
      "faces": {
        "north": { "uv": [0, 0, 4, 1.5], "texture": "#0" },
        "east": { "uv": [0, 0, 4, 1.5], "texture": "#0" },
        "south": { "uv": [0, 0, 4, 1.5], "texture": "#0" },
        "west": { "uv": [0, 0, 4, 1.5], "texture": "#0" },
        "up": { "uv": [0, 0, 4, 4], "texture": "#0" },
        "down": { "uv": [0, 0, 4, 4], "texture": "#0" }
      }
    },
    {
      "name": "pieceBase3",
      "from": [5, 2, 5],
      "to": [11, 3, 11],
      "faces": {
        "north": { "uv": [0, 0, 6, 1], "texture": "#0" },
        "east": { "uv": [0, 0, 6, 1], "texture": "#0" },
        "south": { "uv": [0, 0, 6, 1], "texture": "#0" },
        "west": { "uv": [0, 0, 6, 1], "texture": "#0" },
        "up": { "uv": [0, 0, 6, 6], "texture": "#0" },
        "down": { "uv": [0, 0, 6, 6], "texture": "#0" }
      }
    },
    {
      "name": "pieceBase2",
      "from": [4.5, 2, 4.5],
      "to": [11.5, 2.5, 11.5],
      "faces": {
        "north": { "uv": [0, 0, 7, 0.5], "texture": "#0" },
        "east": { "uv": [0, 0, 7, 0.5], "texture": "#0" },
        "south": { "uv": [0, 0, 7, 0.5], "texture": "#0" },
        "west": { "uv": [0, 0, 7, 0.5], "texture": "#0" },
        "up": { "uv": [0, 0, 7, 7], "texture": "#0" },
        "down": { "uv": [0, 0, 7, 7], "texture": "#0" }
      }
    },
    {
      "name": "pieceBase",
      "from": [4, 0, 4],
      "to": [12, 2, 12],
      "faces": {
        "north": { "uv": [0, 0, 8, 2], "texture": "#0" },
        "east": { "uv": [0, 0, 8, 2], "texture": "#0" },
        "south": { "uv": [0, 0, 8, 2], "texture": "#0" },
        "west": { "uv": [0, 0, 8, 2], "texture": "#0" },
        "up": { "uv": [0, 0, 8, 8], "texture": "#0" },
        "down": { "uv": [0, 0, 8, 8], "texture": "#0" }
      }
    }
  ],
  "display": {
    "fixed": {
      "rotation": [-90, 0, 0],
      "translation": [0, 0, -14],
      "scale": [2, 2, 2]
    }
  }
}
