{
  "credit": "By pluwshy and fraille",
  "textures": {
    "0": "block/white",
    "particle": "block/white"
  },
  "elements": [
    {
      "name": "rookTopTHingy",
      "from": [9.75, 12, 5.25],
      "to": [10.75, 13.5, 6.25],
      "faces": {
        "north": { "uv": [0, 0, 1, 1.5], "texture": "#0" },
        "east": { "uv": [0, 0, 1, 1.5], "texture": "#0" },
        "south": { "uv": [0, 0, 1, 1.5], "texture": "#0" },
        "west": { "uv": [0, 0, 1, 1.5], "texture": "#0" },
        "up": { "uv": [0, 0, 1, 1], "texture": "#0" },
        "down": { "uv": [0, 0, 1, 1], "texture": "#0" }
      }
    },
    {
      "name": "rookTopTHingy",
      "from": [8.25, 12, 5.25],
      "to": [9.25, 13.5, 6.25],
      "faces": {
        "north": { "uv": [0, 0, 1, 1.5], "texture": "#0" },
        "east": { "uv": [0, 0, 1, 1.5], "texture": "#0" },
        "south": { "uv": [0, 0, 1, 1.5], "texture": "#0" },
        "west": { "uv": [0, 0, 1, 1.5], "texture": "#0" },
        "up": { "uv": [0, 0, 1, 1], "texture": "#0" },
        "down": { "uv": [0, 0, 1, 1], "texture": "#0" }
      }
    },
    {
      "name": "rookTopTHingy",
      "from": [6.75, 12, 5.25],
      "to": [7.75, 13.5, 6.25],
      "faces": {
        "north": { "uv": [0, 0, 1, 1.5], "texture": "#0" },
        "east": { "uv": [0, 0, 1, 1.5], "texture": "#0" },
        "south": { "uv": [0, 0, 1, 1.5], "texture": "#0" },
        "west": { "uv": [0, 0, 1, 1.5], "texture": "#0" },
        "up": { "uv": [0, 0, 1, 1], "texture": "#0" },
        "down": { "uv": [0, 0, 1, 1], "texture": "#0" }
      }
    },
    {
      "name": "rookTopTHingy",
      "from": [6.75, 12, 9.75],
      "to": [7.75, 13.5, 10.75],
      "faces": {
        "north": { "uv": [0, 0, 1, 1.5], "texture": "#0" },
        "east": { "uv": [0, 0, 1, 1.5], "texture": "#0" },
        "south": { "uv": [0, 0, 1, 1.5], "texture": "#0" },
        "west": { "uv": [0, 0, 1, 1.5], "texture": "#0" },
        "up": { "uv": [0, 0, 1, 1], "texture": "#0" },
        "down": { "uv": [0, 0, 1, 1], "texture": "#0" }
      }
    },
    {
      "name": "rookTopTHingy",
      "from": [8.25, 12, 9.75],
      "to": [9.25, 13.5, 10.75],
      "faces": {
        "north": { "uv": [0, 0, 1, 1.5], "texture": "#0" },
        "east": { "uv": [0, 0, 1, 1.5], "texture": "#0" },
        "south": { "uv": [0, 0, 1, 1.5], "texture": "#0" },
        "west": { "uv": [0, 0, 1, 1.5], "texture": "#0" },
        "up": { "uv": [0, 0, 1, 1], "texture": "#0" },
        "down": { "uv": [0, 0, 1, 1], "texture": "#0" }
      }
    },
    {
      "name": "rookTopTHingy",
      "from": [9.75, 12, 6.75],
      "to": [10.75, 13.5, 7.75],
      "faces": {
        "north": { "uv": [0, 0, 1, 1.5], "texture": "#0" },
        "east": { "uv": [0, 0, 1, 1.5], "texture": "#0" },
        "south": { "uv": [0, 0, 1, 1.5], "texture": "#0" },
        "west": { "uv": [0, 0, 1, 1.5], "texture": "#0" },
        "up": { "uv": [0, 0, 1, 1], "texture": "#0" },
        "down": { "uv": [0, 0, 1, 1], "texture": "#0" }
      }
    },
    {
      "name": "rookTopTHingy",
      "from": [9.75, 12, 8.25],
      "to": [10.75, 13.5, 9.25],
      "faces": {
        "north": { "uv": [0, 0, 1, 1.5], "texture": "#0" },
        "east": { "uv": [0, 0, 1, 1.5], "texture": "#0" },
        "south": { "uv": [0, 0, 1, 1.5], "texture": "#0" },
        "west": { "uv": [0, 0, 1, 1.5], "texture": "#0" },
        "up": { "uv": [0, 0, 1, 1], "texture": "#0" },
        "down": { "uv": [0, 0, 1, 1], "texture": "#0" }
      }
    },
    {
      "name": "rookTopTHingy",
      "from": [9.75, 12, 9.75],
      "to": [10.75, 13.5, 10.75],
      "faces": {
        "north": { "uv": [0, 0, 1, 1.5], "texture": "#0" },
        "east": { "uv": [0, 0, 1, 1.5], "texture": "#0" },
        "south": { "uv": [0, 0, 1, 1.5], "texture": "#0" },
        "west": { "uv": [0, 0, 1, 1.5], "texture": "#0" },
        "up": { "uv": [0, 0, 1, 1], "texture": "#0" },
        "down": { "uv": [0, 0, 1, 1], "texture": "#0" }
      }
    },
    {
      "name": "rookTopTHingy",
      "from": [5.25, 12, 9.75],
      "to": [6.25, 13.5, 10.75],
      "faces": {
        "north": { "uv": [0, 0, 1, 1.5], "texture": "#0" },
        "east": { "uv": [0, 0, 1, 1.5], "texture": "#0" },
        "south": { "uv": [0, 0, 1, 1.5], "texture": "#0" },
        "west": { "uv": [0, 0, 1, 1.5], "texture": "#0" },
        "up": { "uv": [0, 0, 1, 1], "texture": "#0" },
        "down": { "uv": [0, 0, 1, 1], "texture": "#0" }
      }
    },
    {
      "name": "rookTopTHingy",
      "from": [5.25, 12, 5.25],
      "to": [6.25, 13.5, 6.25],
      "faces": {
        "north": { "uv": [0, 0, 1, 1.5], "texture": "#0" },
        "east": { "uv": [0, 0, 1, 1.5], "texture": "#0" },
        "south": { "uv": [0, 0, 1, 1.5], "texture": "#0" },
        "west": { "uv": [0, 0, 1, 1.5], "texture": "#0" },
        "up": { "uv": [0, 0, 1, 1], "texture": "#0" },
        "down": { "uv": [0, 0, 1, 1], "texture": "#0" }
      }
    },
    {
      "name": "rookTopTHingy",
      "from": [5.25, 12, 6.75],
      "to": [6.25, 13.5, 7.75],
      "faces": {
        "north": { "uv": [0, 0, 1, 1.5], "texture": "#0" },
        "east": { "uv": [0, 0, 1, 1.5], "texture": "#0" },
        "south": { "uv": [0, 0, 1, 1.5], "texture": "#0" },
        "west": { "uv": [0, 0, 1, 1.5], "texture": "#0" },
        "up": { "uv": [0, 0, 1, 1], "texture": "#0" },
        "down": { "uv": [0, 0, 1, 1], "texture": "#0" }
      }
    },
    {
      "name": "rookTopTHingy",
      "from": [5.25, 12, 8.25],
      "to": [6.25, 13.5, 9.25],
      "faces": {
        "north": { "uv": [0, 0, 1, 1.5], "texture": "#0" },
        "east": { "uv": [0, 0, 1, 1.5], "texture": "#0" },
        "south": { "uv": [0, 0, 1, 1.5], "texture": "#0" },
        "west": { "uv": [0, 0, 1, 1.5], "texture": "#0" },
        "up": { "uv": [0, 0, 1, 1], "texture": "#0" },
        "down": { "uv": [0, 0, 1, 1], "texture": "#0" }
      }
    },
    {
      "name": "pieceHead",
      "from": [5.25, 10.5, 5.25],
      "to": [10.75, 12, 10.75],
      "faces": {
        "north": { "uv": [0, 0, 5.5, 1.5], "texture": "#0" },
        "east": { "uv": [0, 0, 5.5, 1.5], "texture": "#0" },
        "south": { "uv": [0, 0, 5.5, 1.5], "texture": "#0" },
        "west": { "uv": [0, 0, 5.5, 1.5], "texture": "#0" },
        "up": { "uv": [0, 0, 5.5, 5.5], "texture": "#0" },
        "down": { "uv": [0, 0, 5.5, 5.5], "texture": "#0" }
      }
    },
    {
      "name": "pieceStem3",
      "from": [6.25, 4.5, 6.25],
      "to": [9.75, 9.5, 9.75],
      "faces": {
        "north": { "uv": [0, 0, 3.5, 5], "texture": "#0" },
        "east": { "uv": [0, 0, 3.5, 5], "texture": "#0" },
        "south": { "uv": [0, 0, 3.5, 5], "texture": "#0" },
        "west": { "uv": [0, 0, 3.5, 5], "texture": "#0" },
        "up": { "uv": [0, 0, 3.5, 3.5], "texture": "#0" },
        "down": { "uv": [0, 0, 3.5, 3.5], "texture": "#0" }
      }
    },
    {
      "name": "pieceStem4",
      "from": [5.75, 9.5, 5.75],
      "to": [10.25, 10.5, 10.25],
      "faces": {
        "north": { "uv": [0, 0, 4.5, 1], "texture": "#0" },
        "east": { "uv": [0, 0, 4.5, 1], "texture": "#0" },
        "south": { "uv": [0, 0, 4.5, 1], "texture": "#0" },
        "west": { "uv": [0, 0, 4.5, 1], "texture": "#0" },
        "up": { "uv": [0, 0, 4.5, 4.5], "texture": "#0" },
        "down": { "uv": [0, 0, 4.5, 4.5], "texture": "#0" }
      }
    },
    {
      "name": "pieceStem5",
      "from": [5.75, 3, 5.75],
      "to": [10.25, 4.5, 10.25],
      "faces": {
        "north": { "uv": [0, 0, 4.5, 1.5], "texture": "#0" },
        "east": { "uv": [0, 0, 4.5, 1.5], "texture": "#0" },
        "south": { "uv": [0, 0, 4.5, 1.5], "texture": "#0" },
        "west": { "uv": [0, 0, 4.5, 1.5], "texture": "#0" },
        "up": { "uv": [0, 0, 4.5, 4.5], "texture": "#0" },
        "down": { "uv": [0, 0, 4.5, 4.5], "texture": "#0" }
      }
    },
    {
      "name": "pieceBase3",
      "from": [5, 2, 5],
      "to": [11, 3, 11],
      "faces": {
        "north": { "uv": [0, 0, 6, 1], "texture": "#0" },
        "east": { "uv": [0, 0, 6, 1], "texture": "#0" },
        "south": { "uv": [0, 0, 6, 1], "texture": "#0" },
        "west": { "uv": [0, 0, 6, 1], "texture": "#0" },
        "up": { "uv": [0, 0, 6, 6], "texture": "#0" },
        "down": { "uv": [0, 0, 6, 6], "texture": "#0" }
      }
    },
    {
      "name": "pieceBase2",
      "from": [4.5, 2, 4.5],
      "to": [11.5, 2.5, 11.5],
      "faces": {
        "north": { "uv": [0, 0, 7, 0.5], "texture": "#0" },
        "east": { "uv": [0, 0, 7, 0.5], "texture": "#0" },
        "south": { "uv": [0, 0, 7, 0.5], "texture": "#0" },
        "west": { "uv": [0, 0, 7, 0.5], "texture": "#0" },
        "up": { "uv": [0, 0, 7, 7], "texture": "#0" },
        "down": { "uv": [0, 0, 7, 7], "texture": "#0" }
      }
    },
    {
      "name": "pieceBase",
      "from": [4, 0, 4],
      "to": [12, 2, 12],
      "faces": {
        "north": { "uv": [0, 0, 8, 2], "texture": "#0" },
        "east": { "uv": [0, 0, 8, 2], "texture": "#0" },
        "south": { "uv": [0, 0, 8, 2], "texture": "#0" },
        "west": { "uv": [0, 0, 8, 2], "texture": "#0" },
        "up": { "uv": [0, 0, 8, 8], "texture": "#0" },
        "down": { "uv": [0, 0, 8, 8], "texture": "#0" }
      }
    }
  ],
  "display": {
    "fixed": {
      "rotation": [-90, 0, 0],
      "translation": [0, 0, -14],
      "scale": [2, 2, 2]
    }
  }
}
