{
  "credit": "By pluwshy and fraille",
  "textures": {
    "0": "block/black",
    "particle": "block/black"
  },
  "elements": [
    {
      "name": "bishopTinyBallOnHimHead",
      "from": [7.5, 17.5, 7.5],
      "to": [8.5, 18.5, 8.5],
      "faces": {
        "north": { "uv": [0, 0, 1, 1], "texture": "#0" },
        "east": { "uv": [0, 0, 1, 1], "texture": "#0" },
        "south": { "uv": [0, 0, 1, 1], "texture": "#0" },
        "west": { "uv": [0, 0, 1, 1], "texture": "#0" },
        "up": { "uv": [0, 0, 1, 1], "rotation": 270, "texture": "#0" },
        "down": { "uv": [0, 0, 1, 1], "rotation": 90, "texture": "#0" }
      }
    },
    {
      "name": "bishopBallPart3",
      "from": [6, 16.5, 6],
      "to": [10, 17.5, 8],
      "faces": {
        "north": { "uv": [0, 0, 4, 1], "texture": "#0" },
        "east": { "uv": [0, 0, 2, 1], "texture": "#0" },
        "south": { "uv": [0, 0, 4, 1], "texture": "#0" },
        "west": { "uv": [0, 0, 2, 1], "texture": "#0" },
        "up": { "uv": [0, 0, 2, 4], "rotation": 270, "texture": "#0" },
        "down": { "uv": [0, 0, 2, 4], "rotation": 90, "texture": "#0" }
      }
    },
    {
      "name": "bishopBallPart2",
      "from": [6, 16, 8],
      "to": [10, 17.5, 10],
      "faces": {
        "north": { "uv": [0, 0, 4, 1.5], "texture": "#0" },
        "east": { "uv": [0, 0, 2, 1.5], "texture": "#0" },
        "south": { "uv": [0, 0, 4, 1.5], "texture": "#0" },
        "west": { "uv": [0, 0, 2, 1.5], "texture": "#0" },
        "up": { "uv": [0, 0, 2, 4], "rotation": 270, "texture": "#0" },
        "down": { "uv": [0, 0, 2, 4], "rotation": 90, "texture": "#0" }
      }
    },
    {
      "name": "bishopBallPart",
      "from": [6, 13.5, 6],
      "to": [10, 16, 10],
      "faces": {
        "north": { "uv": [0, 0, 4, 2.5], "texture": "#0" },
        "east": { "uv": [0, 0, 4, 2.5], "texture": "#0" },
        "south": { "uv": [0, 0, 4, 2.5], "texture": "#0" },
        "west": { "uv": [0, 0, 4, 2.5], "texture": "#0" },
        "up": { "uv": [0, 0, 4, 4], "rotation": 270, "texture": "#0" },
        "down": { "uv": [0, 0, 4, 4], "rotation": 90, "texture": "#0" }
      }
    },
    {
      "name": "bishopStemShelf",
      "from": [5.25, 12.5, 5.25],
      "to": [10.75, 13.5, 10.75],
      "faces": {
        "north": { "uv": [0, 0, 5.5, 1], "texture": "#0" },
        "east": { "uv": [0, 0, 5.5, 1], "texture": "#0" },
        "south": { "uv": [0, 0, 5.5, 1], "texture": "#0" },
        "west": { "uv": [0, 0, 5.5, 1], "texture": "#0" },
        "up": { "uv": [0, 0, 5.5, 5.5], "rotation": 270, "texture": "#0" },
        "down": { "uv": [0, 0, 5.5, 5.5], "rotation": 90, "texture": "#0" }
      }
    },
    {
      "name": "bishopStemHead",
      "from": [5.75, 11, 5.75],
      "to": [10.25, 12.5, 10.25],
      "faces": {
        "north": { "uv": [0, 0, 4.5, 1.5], "texture": "#0" },
        "east": { "uv": [0, 0, 4.5, 1.5], "texture": "#0" },
        "south": { "uv": [0, 0, 4.5, 1.5], "texture": "#0" },
        "west": { "uv": [0, 0, 4.5, 1.5], "texture": "#0" },
        "up": { "uv": [0, 0, 4.5, 4.5], "rotation": 270, "texture": "#0" },
        "down": { "uv": [0, 0, 4.5, 4.5], "rotation": 90, "texture": "#0" }
      }
    },
    {
      "name": "bishopStemUnderHead",
      "from": [6.25, 10, 6.25],
      "to": [9.75, 11, 9.75],
      "faces": {
        "north": { "uv": [0, 0, 3.5, 1], "texture": "#0" },
        "east": { "uv": [0, 0, 3.5, 1], "texture": "#0" },
        "south": { "uv": [0, 0, 3.5, 1], "texture": "#0" },
        "west": { "uv": [0, 0, 3.5, 1], "texture": "#0" },
        "up": { "uv": [0, 0, 3.5, 3.5], "rotation": 270, "texture": "#0" },
        "down": { "uv": [0, 0, 3.5, 3.5], "rotation": 90, "texture": "#0" }
      }
    },
    {
      "name": "bishopStem",
      "from": [6.75, 5.5, 6.75],
      "to": [9.25, 10, 9.25],
      "faces": {
        "north": { "uv": [0, 0, 2.5, 4.5], "texture": "#0" },
        "east": { "uv": [0, 0, 2.5, 4.5], "texture": "#0" },
        "south": { "uv": [0, 0, 2.5, 4.5], "texture": "#0" },
        "west": { "uv": [0, 0, 2.5, 4.5], "texture": "#0" },
        "up": { "uv": [0, 0, 2.5, 2.5], "rotation": 270, "texture": "#0" },
        "down": { "uv": [0, 0, 2.5, 2.5], "rotation": 90, "texture": "#0" }
      }
    },
    {
      "name": "bishopStemTopBottom",
      "from": [6.25, 4.5, 6.25],
      "to": [9.75, 5.5, 9.75],
      "faces": {
        "north": { "uv": [0, 0, 3.5, 1], "texture": "#0" },
        "east": { "uv": [0, 0, 3.5, 1], "texture": "#0" },
        "south": { "uv": [0, 0, 3.5, 1], "texture": "#0" },
        "west": { "uv": [0, 0, 3.5, 1], "texture": "#0" },
        "up": { "uv": [0, 0, 3.5, 3.5], "rotation": 270, "texture": "#0" },
        "down": { "uv": [0, 0, 3.5, 3.5], "rotation": 90, "texture": "#0" }
      }
    },
    {
      "name": "bishopStemBottom",
      "from": [5.75, 3, 5.75],
      "to": [10.25, 4.5, 10.25],
      "faces": {
        "north": { "uv": [0, 0, 4.5, 1.5], "texture": "#0" },
        "east": { "uv": [0, 0, 4.5, 1.5], "texture": "#0" },
        "south": { "uv": [0, 0, 4.5, 1.5], "texture": "#0" },
        "west": { "uv": [0, 0, 4.5, 1.5], "texture": "#0" },
        "up": { "uv": [0, 0, 4.5, 4.5], "rotation": 270, "texture": "#0" },
        "down": { "uv": [0, 0, 4.5, 4.5], "rotation": 90, "texture": "#0" }
      }
    },
    {
      "name": "pieceBase3",
      "from": [5, 2, 5],
      "to": [11, 3, 11],
      "faces": {
        "north": { "uv": [0, 0, 6, 1], "texture": "#0" },
        "east": { "uv": [0, 0, 6, 1], "texture": "#0" },
        "south": { "uv": [0, 0, 6, 1], "texture": "#0" },
        "west": { "uv": [0, 0, 6, 1], "texture": "#0" },
        "up": { "uv": [0, 0, 6, 6], "rotation": 270, "texture": "#0" },
        "down": { "uv": [0, 0, 6, 6], "rotation": 90, "texture": "#0" }
      }
    },
    {
      "name": "pieceBase2",
      "from": [4.5, 2, 4.5],
      "to": [11.5, 2.5, 11.5],
      "faces": {
        "north": { "uv": [0, 0, 7, 0.5], "texture": "#0" },
        "east": { "uv": [0, 0, 7, 0.5], "texture": "#0" },
        "south": { "uv": [0, 0, 7, 0.5], "texture": "#0" },
        "west": { "uv": [0, 0, 7, 0.5], "texture": "#0" },
        "up": { "uv": [0, 0, 7, 7], "rotation": 270, "texture": "#0" },
        "down": { "uv": [0, 0, 7, 7], "rotation": 90, "texture": "#0" }
      }
    },
    {
      "name": "pieceBase",
      "from": [4, 0, 4],
      "to": [12, 2, 12],
      "faces": {
        "north": { "uv": [0, 0, 8, 2], "texture": "#0" },
        "east": { "uv": [0, 0, 8, 2], "texture": "#0" },
        "south": { "uv": [0, 0, 8, 2], "texture": "#0" },
        "west": { "uv": [0, 0, 8, 2], "texture": "#0" },
        "up": { "uv": [0, 0, 8, 8], "rotation": 270, "texture": "#0" },
        "down": { "uv": [0, 0, 8, 8], "rotation": 90, "texture": "#0" }
      }
    }
  ],
  "display": {
    "fixed": {
      "rotation": [-90, 0, 0],
      "translation": [0, 0, -14],
      "scale": [2, 2, 2]
    }
  }
}
