{
  "credit": "By pluwshy and fraille",
  "textures": {
    "0": "block/black",
    "particle": "block/black"
  },
  "elements": [
    {
      "name": "knightMane",
      "from": [7.25, 12, 10.75],
      "to": [8.75, 12.5, 11],
      "faces": {
        "north": { "uv": [0, 0, 1.5, 0.5], "texture": "#0" },
        "east": { "uv": [0, 0, 0.25, 0.5], "texture": "#0" },
        "south": { "uv": [0, 0, 1.5, 0.5], "texture": "#0" },
        "west": { "uv": [0, 0, 0.25, 0.5], "texture": "#0" },
        "up": { "uv": [0, 0, 1.5, 0.25], "texture": "#0" },
        "down": { "uv": [0, 0, 1.5, 0.25], "texture": "#0" }
      }
    },
    {
      "name": "knightMane",
      "from": [7.25, 10.5, 11.25],
      "to": [8.75, 12, 11.5],
      "faces": {
        "north": { "uv": [0, 0, 1.5, 1.5], "texture": "#0" },
        "east": { "uv": [0, 0, 0.25, 1.5], "texture": "#0" },
        "south": { "uv": [0, 0, 1.5, 1.5], "texture": "#0" },
        "west": { "uv": [0, 0, 0.25, 1.5], "texture": "#0" },
        "up": { "uv": [0, 0, 1.5, 0.25], "texture": "#0" },
        "down": { "uv": [0, 0, 1.5, 0.25], "texture": "#0" }
      }
    },
    {
      "name": "knightMane",
      "from": [7.25, 8.5, 11.75],
      "to": [8.75, 10.5, 12],
      "faces": {
        "north": { "uv": [0, 0, 1.5, 2], "texture": "#0" },
        "east": { "uv": [0, 0, 0.25, 2], "texture": "#0" },
        "south": { "uv": [0, 0, 1.5, 2], "texture": "#0" },
        "west": { "uv": [0, 0, 0.25, 2], "texture": "#0" },
        "up": { "uv": [0, 0, 1.5, 0.25], "texture": "#0" },
        "down": { "uv": [0, 0, 1.5, 0.25], "texture": "#0" }
      }
    },
    {
      "name": "knightMane",
      "from": [7.25, 7.5, 11.25],
      "to": [8.75, 8.5, 11.5],
      "faces": {
        "north": { "uv": [0, 0, 1.5, 1], "texture": "#0" },
        "east": { "uv": [0, 0, 0.25, 1], "texture": "#0" },
        "south": { "uv": [0, 0, 1.5, 1], "texture": "#0" },
        "west": { "uv": [0, 0, 0.25, 1], "texture": "#0" },
        "up": { "uv": [0, 0, 1.5, 0.25], "texture": "#0" },
        "down": { "uv": [0, 0, 1.5, 0.25], "texture": "#0" }
      }
    },
    {
      "name": "knightMane",
      "from": [7.25, 5.5, 10.75],
      "to": [8.75, 7.5, 11],
      "faces": {
        "north": { "uv": [0, 0, 1.5, 2], "texture": "#0" },
        "east": { "uv": [0, 0, 0.25, 2], "texture": "#0" },
        "south": { "uv": [0, 0, 1.5, 2], "texture": "#0" },
        "west": { "uv": [0, 0, 0.25, 2], "texture": "#0" },
        "up": { "uv": [0, 0, 1.5, 0.25], "texture": "#0" },
        "down": { "uv": [0, 0, 1.5, 0.25], "texture": "#0" }
      }
    },
    {
      "name": "knightHead",
      "from": [6.5, 10.5, 5.25],
      "to": [9.5, 11, 11.25],
      "faces": {
        "north": { "uv": [0, 0, 3, 0.5], "texture": "#0" },
        "east": { "uv": [0, 0, 6, 0.5], "texture": "#0" },
        "south": { "uv": [0, 0, 3, 0.5], "texture": "#0" },
        "west": { "uv": [0, 0, 6, 0.5], "texture": "#0" },
        "up": { "uv": [0, 0, 3, 6], "texture": "#0" },
        "down": { "uv": [0, 0, 3, 6], "texture": "#0" }
      }
    },
    {
      "name": "knightHead",
      "from": [6.5, 11, 8.5],
      "to": [9.5, 12, 11.25],
      "faces": {
        "north": { "uv": [0, 0, 3, 1], "texture": "#0" },
        "east": { "uv": [0, 0, 2.75, 1], "texture": "#0" },
        "south": { "uv": [0, 0, 3, 1], "texture": "#0" },
        "west": { "uv": [0, 0, 2.75, 1], "texture": "#0" },
        "up": { "uv": [0, 0, 3, 2.75], "texture": "#0" },
        "down": { "uv": [0, 0, 3, 2.75], "texture": "#0" }
      }
    },
    {
      "name": "knightHead",
      "from": [6.5, 12, 6.5],
      "to": [9.5, 13, 10.75],
      "faces": {
        "north": { "uv": [0, 0, 3, 1], "texture": "#0" },
        "east": { "uv": [0, 0, 4.25, 1], "texture": "#0" },
        "south": { "uv": [0, 0, 3, 1], "texture": "#0" },
        "west": { "uv": [0, 0, 4.25, 1], "texture": "#0" },
        "up": { "uv": [0, 0, 3, 4.25], "texture": "#0" },
        "down": { "uv": [0, 0, 3, 4.25], "texture": "#0" }
      }
    },
    {
      "name": "knightHead",
      "from": [6.5, 13, 8.75],
      "to": [9.5, 13.5, 10.25],
      "faces": {
        "north": { "uv": [0, 0, 3, 0.5], "texture": "#0" },
        "east": { "uv": [0, 0, 1.5, 0.5], "texture": "#0" },
        "south": { "uv": [0, 0, 3, 0.5], "texture": "#0" },
        "west": { "uv": [0, 0, 1.5, 0.5], "texture": "#0" },
        "up": { "uv": [0, 0, 3, 1.5], "texture": "#0" },
        "down": { "uv": [0, 0, 3, 1.5], "texture": "#0" }
      }
    },
    {
      "name": "knightHead",
      "from": [6.5, 13.5, 8.75],
      "to": [9.5, 14, 9.75],
      "faces": {
        "north": { "uv": [0, 0, 3, 0.5], "texture": "#0" },
        "east": { "uv": [0, 0, 1, 0.5], "texture": "#0" },
        "south": { "uv": [0, 0, 3, 0.5], "texture": "#0" },
        "west": { "uv": [0, 0, 1, 0.5], "texture": "#0" },
        "up": { "uv": [0, 0, 3, 1], "texture": "#0" },
        "down": { "uv": [0, 0, 3, 1], "texture": "#0" }
      }
    },
    {
      "name": "knightBase",
      "from": [6.5, 11, 5.25],
      "to": [9.5, 12, 7.5],
      "faces": {
        "north": { "uv": [0, 0, 3, 1], "texture": "#0" },
        "east": { "uv": [0, 0, 2.25, 1], "texture": "#0" },
        "south": { "uv": [0, 0, 3, 1], "texture": "#0" },
        "west": { "uv": [0, 0, 2.25, 1], "texture": "#0" },
        "up": { "uv": [0, 0, 3, 2.25], "texture": "#0" },
        "down": { "uv": [0, 0, 3, 2.25], "texture": "#0" }
      }
    },
    {
      "name": "knightBody",
      "from": [6.5, 3, 6.25],
      "to": [9.5, 4.5, 9.75],
      "faces": {
        "north": { "uv": [0, 0, 3, 1.5], "texture": "#0" },
        "east": { "uv": [0, 0, 3.5, 1.5], "texture": "#0" },
        "south": { "uv": [0, 0, 3, 1.5], "texture": "#0" },
        "west": { "uv": [0, 0, 3.5, 1.5], "texture": "#0" },
        "up": { "uv": [0, 0, 3, 3.5], "texture": "#0" },
        "down": { "uv": [0, 0, 3, 3.5], "texture": "#0" }
      }
    },
    {
      "name": "knightBody",
      "from": [6.5, 4.5, 5.75],
      "to": [9.5, 5, 10.25],
      "faces": {
        "north": { "uv": [0, 0, 3, 0.5], "texture": "#0" },
        "east": { "uv": [0, 0, 4.5, 0.5], "texture": "#0" },
        "south": { "uv": [0, 0, 3, 0.5], "texture": "#0" },
        "west": { "uv": [0, 0, 4.5, 0.5], "texture": "#0" },
        "up": { "uv": [0, 0, 3, 4.5], "texture": "#0" },
        "down": { "uv": [0, 0, 3, 4.5], "texture": "#0" }
      }
    },
    {
      "name": "knightBody",
      "from": [6.5, 5, 5.25],
      "to": [9.5, 7.5, 10.75],
      "faces": {
        "north": { "uv": [0, 0, 3, 2.5], "texture": "#0" },
        "east": { "uv": [0, 0, 5.5, 2.5], "texture": "#0" },
        "south": { "uv": [0, 0, 3, 2.5], "texture": "#0" },
        "west": { "uv": [0, 0, 5.5, 2.5], "texture": "#0" },
        "up": { "uv": [0, 0, 3, 5.5], "texture": "#0" },
        "down": { "uv": [0, 0, 3, 5.5], "texture": "#0" }
      }
    },
    {
      "name": "knightBody",
      "from": [6.5, 7.5, 5.75],
      "to": [9.5, 8, 11.25],
      "faces": {
        "north": { "uv": [0, 0, 3, 0.5], "texture": "#0" },
        "east": { "uv": [0, 0, 5.5, 0.5], "texture": "#0" },
        "south": { "uv": [0, 0, 3, 0.5], "texture": "#0" },
        "west": { "uv": [0, 0, 5.5, 0.5], "texture": "#0" },
        "up": { "uv": [0, 0, 3, 5.5], "texture": "#0" },
        "down": { "uv": [0, 0, 3, 5.5], "texture": "#0" }
      }
    },
    {
      "name": "knightBody",
      "from": [6.5, 8, 6.25],
      "to": [9.5, 8.5, 11.25],
      "faces": {
        "north": { "uv": [0, 0, 3, 0.5], "texture": "#0" },
        "east": { "uv": [0, 0, 5, 0.5], "texture": "#0" },
        "south": { "uv": [0, 0, 3, 0.5], "texture": "#0" },
        "west": { "uv": [0, 0, 5, 0.5], "texture": "#0" },
        "up": { "uv": [0, 0, 3, 5], "texture": "#0" },
        "down": { "uv": [0, 0, 3, 5], "texture": "#0" }
      }
    },
    {
      "name": "knightBody",
      "from": [6.5, 8.5, 6.75],
      "to": [9.5, 9, 11.75],
      "faces": {
        "north": { "uv": [0, 0, 3, 0.5], "texture": "#0" },
        "east": { "uv": [0, 0, 5, 0.5], "texture": "#0" },
        "south": { "uv": [0, 0, 3, 0.5], "texture": "#0" },
        "west": { "uv": [0, 0, 5, 0.5], "texture": "#0" },
        "up": { "uv": [0, 0, 3, 5], "texture": "#0" },
        "down": { "uv": [0, 0, 3, 5], "texture": "#0" }
      }
    },
    {
      "name": "knightBody",
      "from": [6.5, 9, 7.25],
      "to": [9.5, 9.5, 11.75],
      "faces": {
        "north": { "uv": [0, 0, 3, 0.5], "texture": "#0" },
        "east": { "uv": [0, 0, 4.5, 0.5], "texture": "#0" },
        "south": { "uv": [0, 0, 3, 0.5], "texture": "#0" },
        "west": { "uv": [0, 0, 4.5, 0.5], "texture": "#0" },
        "up": { "uv": [0, 0, 3, 4.5], "texture": "#0" },
        "down": { "uv": [0, 0, 3, 4.5], "texture": "#0" }
      }
    },
    {
      "name": "knightBody",
      "from": [6.5, 9.5, 7.75],
      "to": [9.5, 10.5, 11.75],
      "faces": {
        "north": { "uv": [0, 0, 3, 1], "texture": "#0" },
        "east": { "uv": [0, 0, 4, 1], "texture": "#0" },
        "south": { "uv": [0, 0, 3, 1], "texture": "#0" },
        "west": { "uv": [0, 0, 4, 1], "texture": "#0" },
        "up": { "uv": [0, 0, 3, 4], "texture": "#0" },
        "down": { "uv": [0, 0, 3, 4], "texture": "#0" }
      }
    },
    {
      "name": "pieceBase3",
      "from": [5, 2, 5],
      "to": [11, 3, 11],
      "faces": {
        "north": { "uv": [0, 0, 6, 1], "texture": "#0" },
        "east": { "uv": [0, 0, 6, 1], "texture": "#0" },
        "south": { "uv": [0, 0, 6, 1], "texture": "#0" },
        "west": { "uv": [0, 0, 6, 1], "texture": "#0" },
        "up": { "uv": [0, 0, 6, 6], "texture": "#0" },
        "down": { "uv": [0, 0, 6, 6], "texture": "#0" }
      }
    },
    {
      "name": "pieceBase2",
      "from": [4.5, 2, 4.5],
      "to": [11.5, 2.5, 11.5],
      "faces": {
        "north": { "uv": [0, 0, 7, 0.5], "texture": "#0" },
        "east": { "uv": [0, 0, 7, 0.5], "texture": "#0" },
        "south": { "uv": [0, 0, 7, 0.5], "texture": "#0" },
        "west": { "uv": [0, 0, 7, 0.5], "texture": "#0" },
        "up": { "uv": [0, 0, 7, 7], "texture": "#0" },
        "down": { "uv": [0, 0, 7, 7], "texture": "#0" }
      }
    },
    {
      "name": "pieceBase",
      "from": [4, 0, 4],
      "to": [12, 2, 12],
      "faces": {
        "north": { "uv": [0, 0, 8, 2], "texture": "#0" },
        "east": { "uv": [0, 0, 8, 2], "texture": "#0" },
        "south": { "uv": [0, 0, 8, 2], "texture": "#0" },
        "west": { "uv": [0, 0, 8, 2], "texture": "#0" },
        "up": { "uv": [0, 0, 8, 8], "texture": "#0" },
        "down": { "uv": [0, 0, 8, 8], "texture": "#0" }
      }
    }
  ],
  "display": {
    "fixed": {
      "rotation": [-90, 0, 0],
      "translation": [0, 0, -14],
      "scale": [2, 2, 2]
    }
  },
  "groups": [
    {
      "name": "knight",
      "origin": [0, 0, 0],
      "color": 0,
      "children": [
        {
          "name": "Mane",
          "origin": [0, 0, 0],
          "color": 0,
          "children": [0, 1, 2, 3, 4]
        },
        {
          "name": "Head",
          "origin": [0, 0, 0],
          "color": 0,
          "children": [5, 6, 7, 8, 9, 10]
        },
        {
          "name": "Body",
          "origin": [0, 0, 0],
          "color": 0,
          "children": [11, 12, 13, 14, 15, 16, 17, 18]
        },
        19,
        20,
        21
      ]
    }
  ]
}
