{
  "credit": "By pluwshy and fraille",
  "textures": {
    "1": "block/white",
    "particle": "block/white"
  },
  "elements": [
    {
      "name": "bishopBase",
      "from": [6, 14.5, 6],
      "to": [10, 18, 10],
      "faces": {
        "north": { "uv": [0.25, 0.25, 0.75, 0.75], "texture": "#1" },
        "east": { "uv": [1.25, 0.25, 1.75, 0.75], "texture": "#1" },
        "south": { "uv": [2.25, 0.25, 2.75, 0.75], "texture": "#1" },
        "west": { "uv": [3.25, 0.25, 3.75, 0.75], "texture": "#1" },
        "up": { "uv": [4.25, 0.25, 4.75, 0.75], "texture": "#1" },
        "down": { "uv": [5.25, 0.25, 5.75, 0.75], "texture": "#1" }
      }
    },
    {
      "name": "bishopBallPart",
      "from": [6, 17, 5],
      "to": [7, 19, 6],
      "faces": {
        "north": { "uv": [6.25, 0.25, 6.75, 0.75], "texture": "#1" },
        "east": { "uv": [7.25, 0.25, 7.75, 0.75], "texture": "#1" },
        "south": { "uv": [8.25, 0.25, 8.75, 0.75], "texture": "#1" },
        "west": { "uv": [9.25, 0.25, 9.75, 0.75], "texture": "#1" },
        "up": { "uv": [10.25, 0.25, 10.75, 0.75], "texture": "#1" },
        "down": { "uv": [11.25, 0.25, 11.75, 0.75], "texture": "#1" }
      }
    },
    {
      "name": "bishopBallPart",
      "from": [9, 17, 5],
      "to": [10, 19, 6],
      "faces": {
        "north": { "uv": [12.25, 0.25, 12.75, 0.75], "texture": "#1" },
        "east": { "uv": [13.25, 0.25, 13.75, 0.75], "texture": "#1" },
        "south": { "uv": [14.25, 0.25, 14.75, 0.75], "texture": "#1" },
        "west": { "uv": [15.25, 0.25, 15.75, 0.75], "texture": "#1" },
        "up": { "uv": [0.25, 1.25, 0.75, 1.75], "texture": "#1" },
        "down": { "uv": [1.25, 1.25, 1.75, 1.75], "texture": "#1" }
      }
    },
    {
      "name": "bishopBallPart",
      "from": [7.5, 17, 10],
      "to": [8.5, 19, 11],
      "faces": {
        "north": { "uv": [2.25, 1.25, 2.75, 1.75], "texture": "#1" },
        "east": { "uv": [3.25, 1.25, 3.75, 1.75], "texture": "#1" },
        "south": { "uv": [4.25, 1.25, 4.75, 1.75], "texture": "#1" },
        "west": { "uv": [5.25, 1.25, 5.75, 1.75], "texture": "#1" },
        "up": { "uv": [6.25, 1.25, 6.75, 1.75], "texture": "#1" },
        "down": { "uv": [7.25, 1.25, 7.75, 1.75], "texture": "#1" }
      }
    },
    {
      "name": "bishopBallPart",
      "from": [6, 17, 10],
      "to": [7, 19, 11],
      "faces": {
        "north": { "uv": [8.25, 1.25, 8.75, 1.75], "texture": "#1" },
        "east": { "uv": [9.25, 1.25, 9.75, 1.75], "texture": "#1" },
        "south": { "uv": [10.25, 1.25, 10.75, 1.75], "texture": "#1" },
        "west": { "uv": [11.25, 1.25, 11.75, 1.75], "texture": "#1" },
        "up": { "uv": [12.25, 1.25, 12.75, 1.75], "texture": "#1" },
        "down": { "uv": [13.25, 1.25, 13.75, 1.75], "texture": "#1" }
      }
    },
    {
      "name": "bishopBallPart",
      "from": [7.5, 17, 5],
      "to": [8.5, 19, 6],
      "faces": {
        "north": { "uv": [14.25, 1.25, 14.75, 1.75], "texture": "#1" },
        "east": { "uv": [15.25, 1.25, 15.75, 1.75], "texture": "#1" },
        "south": { "uv": [0.25, 2.25, 0.75, 2.75], "texture": "#1" },
        "west": { "uv": [1.25, 2.25, 1.75, 2.75], "texture": "#1" },
        "up": { "uv": [2.25, 2.25, 2.75, 2.75], "texture": "#1" },
        "down": { "uv": [3.25, 2.25, 3.75, 2.75], "texture": "#1" }
      }
    },
    {
      "name": "bishopBallPart",
      "from": [9, 17, 10],
      "to": [10, 19, 11],
      "faces": {
        "north": { "uv": [4.25, 2.25, 4.75, 2.75], "texture": "#1" },
        "east": { "uv": [5.25, 2.25, 5.75, 2.75], "texture": "#1" },
        "south": { "uv": [6.25, 2.25, 6.75, 2.75], "texture": "#1" },
        "west": { "uv": [7.25, 2.25, 7.75, 2.75], "texture": "#1" },
        "up": { "uv": [8.25, 2.25, 8.75, 2.75], "texture": "#1" },
        "down": { "uv": [9.25, 2.25, 9.75, 2.75], "texture": "#1" }
      }
    },
    {
      "name": "bishopBallPart",
      "from": [5, 17, 9],
      "to": [6, 19, 10],
      "faces": {
        "north": { "uv": [10.25, 2.25, 10.75, 2.75], "texture": "#1" },
        "east": { "uv": [11.25, 2.25, 11.75, 2.75], "texture": "#1" },
        "south": { "uv": [12.25, 2.25, 12.75, 2.75], "texture": "#1" },
        "west": { "uv": [13.25, 2.25, 13.75, 2.75], "texture": "#1" },
        "up": { "uv": [14.25, 2.25, 14.75, 2.75], "texture": "#1" },
        "down": { "uv": [15.25, 2.25, 15.75, 2.75], "texture": "#1" }
      }
    },
    {
      "name": "bishopBallPart",
      "from": [5, 17, 7.5],
      "to": [6, 19, 8.5],
      "faces": {
        "north": { "uv": [0.25, 3.25, 0.75, 3.75], "texture": "#1" },
        "east": { "uv": [1.25, 3.25, 1.75, 3.75], "texture": "#1" },
        "south": { "uv": [2.25, 3.25, 2.75, 3.75], "texture": "#1" },
        "west": { "uv": [3.25, 3.25, 3.75, 3.75], "texture": "#1" },
        "up": { "uv": [4.25, 3.25, 4.75, 3.75], "texture": "#1" },
        "down": { "uv": [5.25, 3.25, 5.75, 3.75], "texture": "#1" }
      }
    },
    {
      "name": "bishopBallPart",
      "from": [5, 17, 6],
      "to": [6, 19, 7],
      "faces": {
        "north": { "uv": [6.25, 3.25, 6.75, 3.75], "texture": "#1" },
        "east": { "uv": [7.25, 3.25, 7.75, 3.75], "texture": "#1" },
        "south": { "uv": [8.25, 3.25, 8.75, 3.75], "texture": "#1" },
        "west": { "uv": [9.25, 3.25, 9.75, 3.75], "texture": "#1" },
        "up": { "uv": [10.25, 3.25, 10.75, 3.75], "texture": "#1" },
        "down": { "uv": [11.25, 3.25, 11.75, 3.75], "texture": "#1" }
      }
    },
    {
      "name": "bishopBallPart",
      "from": [10, 17, 7.5],
      "to": [11, 19, 8.5],
      "faces": {
        "north": { "uv": [12.25, 3.25, 12.75, 3.75], "texture": "#1" },
        "east": { "uv": [13.25, 3.25, 13.75, 3.75], "texture": "#1" },
        "south": { "uv": [14.25, 3.25, 14.75, 3.75], "texture": "#1" },
        "west": { "uv": [15.25, 3.25, 15.75, 3.75], "texture": "#1" },
        "up": { "uv": [0.25, 4.25, 0.75, 4.75], "texture": "#1" },
        "down": { "uv": [1.25, 4.25, 1.75, 4.75], "texture": "#1" }
      }
    },
    {
      "name": "bishopBallPart",
      "from": [10, 17, 6],
      "to": [11, 19, 7],
      "faces": {
        "north": { "uv": [2.25, 4.25, 2.75, 4.75], "texture": "#1" },
        "east": { "uv": [3.25, 4.25, 3.75, 4.75], "texture": "#1" },
        "south": { "uv": [4.25, 4.25, 4.75, 4.75], "texture": "#1" },
        "west": { "uv": [5.25, 4.25, 5.75, 4.75], "texture": "#1" },
        "up": { "uv": [6.25, 4.25, 6.75, 4.75], "texture": "#1" },
        "down": { "uv": [7.25, 4.25, 7.75, 4.75], "texture": "#1" }
      }
    },
    {
      "name": "bishopBallPart",
      "from": [10, 17, 9],
      "to": [11, 19, 10],
      "faces": {
        "north": { "uv": [8.25, 4.25, 8.75, 4.75], "texture": "#1" },
        "east": { "uv": [9.25, 4.25, 9.75, 4.75], "texture": "#1" },
        "south": { "uv": [10.25, 4.25, 10.75, 4.75], "texture": "#1" },
        "west": { "uv": [11.25, 4.25, 11.75, 4.75], "texture": "#1" },
        "up": { "uv": [12.25, 4.25, 12.75, 4.75], "texture": "#1" },
        "down": { "uv": [13.25, 4.25, 13.75, 4.75], "texture": "#1" }
      }
    },
    {
      "name": "bishopBallPart",
      "from": [8.5, 20, 7.5],
      "to": [9.5, 21, 8.5],
      "faces": {
        "north": { "uv": [14.25, 4.25, 14.75, 4.75], "texture": "#1" },
        "east": { "uv": [15.25, 4.25, 15.75, 4.75], "texture": "#1" },
        "south": { "uv": [0.25, 5.25, 0.75, 5.75], "texture": "#1" },
        "west": { "uv": [1.25, 5.25, 1.75, 5.75], "texture": "#1" },
        "up": { "uv": [2.25, 5.25, 2.75, 5.75], "texture": "#1" },
        "down": { "uv": [3.25, 5.25, 3.75, 5.75], "texture": "#1" }
      }
    },
    {
      "name": "bishopBallPart",
      "from": [7.5, 17, 7.5],
      "to": [8.5, 22, 8.5],
      "faces": {
        "north": { "uv": [4.25, 5.25, 4.75, 5.75], "texture": "#1" },
        "east": { "uv": [5.25, 5.25, 5.75, 5.75], "texture": "#1" },
        "south": { "uv": [6.25, 5.25, 6.75, 5.75], "texture": "#1" },
        "west": { "uv": [7.25, 5.25, 7.75, 5.75], "texture": "#1" },
        "up": { "uv": [8.25, 5.25, 8.75, 5.75], "texture": "#1" },
        "down": { "uv": [9.25, 5.25, 9.75, 5.75], "texture": "#1" }
      }
    },
    {
      "name": "bishopBallPart",
      "from": [6.5, 20, 7.5],
      "to": [7.5, 21, 8.5],
      "faces": {
        "north": { "uv": [10.25, 5.25, 10.75, 5.75], "texture": "#1" },
        "east": { "uv": [11.25, 5.25, 11.75, 5.75], "texture": "#1" },
        "south": { "uv": [12.25, 5.25, 12.75, 5.75], "texture": "#1" },
        "west": { "uv": [13.25, 5.25, 13.75, 5.75], "texture": "#1" },
        "up": { "uv": [14.25, 5.25, 14.75, 5.75], "texture": "#1" },
        "down": { "uv": [15.25, 5.25, 15.75, 5.75], "texture": "#1" }
      }
    },
    {
      "name": "bishopStemShelf",
      "from": [5.25, 12.5, 5.25],
      "to": [10.75, 14.5, 10.75],
      "faces": {
        "north": { "uv": [0.25, 6.25, 0.75, 6.75], "texture": "#1" },
        "east": { "uv": [1.25, 6.25, 1.75, 6.75], "texture": "#1" },
        "south": { "uv": [2.25, 6.25, 2.75, 6.75], "texture": "#1" },
        "west": { "uv": [3.25, 6.25, 3.75, 6.75], "texture": "#1" },
        "up": { "uv": [4.25, 6.25, 4.75, 6.75], "texture": "#1" },
        "down": { "uv": [5.25, 6.25, 5.75, 6.75], "texture": "#1" }
      }
    },
    {
      "name": "bishopStemHead",
      "from": [5.75, 11, 5.75],
      "to": [10.25, 12.5, 10.25],
      "faces": {
        "north": { "uv": [6.25, 6.25, 6.75, 6.75], "texture": "#1" },
        "east": { "uv": [7.25, 6.25, 7.75, 6.75], "texture": "#1" },
        "south": { "uv": [8.25, 6.25, 8.75, 6.75], "texture": "#1" },
        "west": { "uv": [9.25, 6.25, 9.75, 6.75], "texture": "#1" },
        "up": { "uv": [10.25, 6.25, 10.75, 6.75], "texture": "#1" },
        "down": { "uv": [11.25, 6.25, 11.75, 6.75], "texture": "#1" }
      }
    },
    {
      "name": "bishopStemUnderHead",
      "from": [6.25, 10, 6.25],
      "to": [9.75, 11, 9.75],
      "faces": {
        "north": { "uv": [12.25, 6.25, 12.75, 6.75], "texture": "#1" },
        "east": { "uv": [13.25, 6.25, 13.75, 6.75], "texture": "#1" },
        "south": { "uv": [14.25, 6.25, 14.75, 6.75], "texture": "#1" },
        "west": { "uv": [15.25, 6.25, 15.75, 6.75], "texture": "#1" },
        "up": { "uv": [0.25, 7.25, 0.75, 7.75], "texture": "#1" },
        "down": { "uv": [1.25, 7.25, 1.75, 7.75], "texture": "#1" }
      }
    },
    {
      "name": "bishopStem",
      "from": [6.75, 7.5, 6.75],
      "to": [9.25, 10, 9.25],
      "faces": {
        "north": { "uv": [2.25, 7.25, 2.75, 7.75], "texture": "#1" },
        "east": { "uv": [3.25, 7.25, 3.75, 7.75], "texture": "#1" },
        "south": { "uv": [4.25, 7.25, 4.75, 7.75], "texture": "#1" },
        "west": { "uv": [5.25, 7.25, 5.75, 7.75], "texture": "#1" },
        "up": { "uv": [6.25, 7.25, 6.75, 7.75], "texture": "#1" },
        "down": { "uv": [7.25, 7.25, 7.75, 7.75], "texture": "#1" }
      }
    },
    {
      "name": "bishopStemTopBottom",
      "from": [6.25, 4.5, 6.25],
      "to": [9.75, 7.5, 9.75],
      "faces": {
        "north": { "uv": [8.25, 7.25, 8.75, 7.75], "texture": "#1" },
        "east": { "uv": [9.25, 7.25, 9.75, 7.75], "texture": "#1" },
        "south": { "uv": [10.25, 7.25, 10.75, 7.75], "texture": "#1" },
        "west": { "uv": [11.25, 7.25, 11.75, 7.75], "texture": "#1" },
        "up": { "uv": [12.25, 7.25, 12.75, 7.75], "texture": "#1" },
        "down": { "uv": [13.25, 7.25, 13.75, 7.75], "texture": "#1" }
      }
    },
    {
      "name": "bishopStemBottom",
      "from": [5.75, 3, 5.75],
      "to": [10.25, 4.5, 10.25],
      "faces": {
        "north": { "uv": [14.25, 7.25, 14.75, 7.75], "texture": "#1" },
        "east": { "uv": [15.25, 7.25, 15.75, 7.75], "texture": "#1" },
        "south": { "uv": [0.25, 8.25, 0.75, 8.75], "texture": "#1" },
        "west": { "uv": [1.25, 8.25, 1.75, 8.75], "texture": "#1" },
        "up": { "uv": [2.25, 8.25, 2.75, 8.75], "texture": "#1" },
        "down": { "uv": [3.25, 8.25, 3.75, 8.75], "texture": "#1" }
      }
    },
    {
      "name": "pieceBase",
      "from": [4, 0, 4],
      "to": [12, 2, 12],
      "faces": {
        "north": { "uv": [4.25, 8.25, 4.75, 8.75], "texture": "#1" },
        "east": { "uv": [5.25, 8.25, 5.75, 8.75], "texture": "#1" },
        "south": { "uv": [6.25, 8.25, 6.75, 8.75], "texture": "#1" },
        "west": { "uv": [7.25, 8.25, 7.75, 8.75], "texture": "#1" },
        "up": { "uv": [8.25, 8.25, 8.75, 8.75], "texture": "#1" },
        "down": { "uv": [9.25, 8.25, 9.75, 8.75], "texture": "#1" }
      }
    },
    {
      "name": "pieceBase3",
      "from": [5, 2, 5],
      "to": [11, 3, 11],
      "faces": {
        "north": { "uv": [10.25, 8.25, 10.75, 8.75], "texture": "#1" },
        "east": { "uv": [11.25, 8.25, 11.75, 8.75], "texture": "#1" },
        "south": { "uv": [12.25, 8.25, 12.75, 8.75], "texture": "#1" },
        "west": { "uv": [13.25, 8.25, 13.75, 8.75], "texture": "#1" },
        "up": { "uv": [14.25, 8.25, 14.75, 8.75], "texture": "#1" },
        "down": { "uv": [15.25, 8.25, 15.75, 8.75], "texture": "#1" }
      }
    },
    {
      "name": "pieceBase2",
      "from": [4.5, 2, 4.5],
      "to": [11.5, 2.5, 11.5],
      "faces": {
        "north": { "uv": [0.25, 9.25, 0.75, 9.75], "texture": "#1" },
        "east": { "uv": [1.25, 9.25, 1.75, 9.75], "texture": "#1" },
        "south": { "uv": [2.25, 9.25, 2.75, 9.75], "texture": "#1" },
        "west": { "uv": [3.25, 9.25, 3.75, 9.75], "texture": "#1" },
        "up": { "uv": [4.25, 9.25, 4.75, 9.75], "texture": "#1" },
        "down": { "uv": [5.25, 9.25, 5.75, 9.75], "texture": "#1" }
      }
    }
  ],
  "display": {
    "ground": {
      "translation": [0, 4, 0]
    },
    "gui": {
      "translation": [0, -2, 0],
      "scale": [0.75, 0.75, 0.75]
    },
    "fixed": {
      "rotation": [-90, 0, 0],
      "translation": [0, 0, -14],
      "scale": [2, 2, 2]
    }
  },
  "groups": [
    {
      "name": "kingB",
      "origin": [0, 0, 0],
      "color": 0,
      "children": [
        0,
        {
          "name": "ball",
          "origin": [0, 0, 0],
          "color": 0,
          "children": [1, 2, 3, 4, 5, 6, 7, 8, 9, 10, 11, 12]
        },
        {
          "name": "cross",
          "origin": [0, 0, 0],
          "color": 0,
          "children": [13, 14, 15]
        },
        {
          "name": "stem",
          "origin": [0, 0, 0],
          "color": 0,
          "children": [16, 17, 18, 19, 20, 21]
        },
        {
          "name": "base",
          "origin": [0, 0, 0],
          "color": 0,
          "children": [22, 23, 24]
        }
      ]
    }
  ]
}
